[{"STR": 3, "CRR": 20, "CRB": 0, "REC": 30, "MP": 0}, {"STR": 1, "CRR": 20, "CRB": 0, "REC": 30, "MP": 0}, {"STR": 1, "CRR": 0, "CRB": 0, "REC": 60, "MP": 0}, {"STR": 1, "CRR": 10, "CRB": 0, "REC": 30, "MP": 0}, {"STR": 4, "CRR": 20, "CRB": 0, "REC": 30, "MP": 2}, {"STR": 6, "CRR": 20, "CRB": 0, "REC": 30, "MP": 1}, {"STR": 10, "CRR": 20, "CRB": 2, "REC": 90, "MP": 0}, {"STR": 3, "CRR": 20, "CRB": 0, "REC": 1, "MP": 3}, {"STR": 7, "CRR": 20, "CRB": 0, "REC": 1, "MP": 2}, {"STR": 9, "CRR": 2, "CRB": 0, "REC": 90, "MP": -1}, {"STR": 9, "CRR": 40, "CRB": 0, "REC": 1, "MP": 1}, {"STR": 11, "CRR": 20, "CRB": 2, "REC": 30, "MP": -1}, {"STR": 0, "CRR": 20, "CRB": 0, "REC": 30, "MP": 0}, {"STR": 14, "CRR": 40, "CRB": 2, "REC": 90, "MP": 2}, {"STR": 5, "CRR": 200, "CRB": 2, "REC": 1, "MP": 0}, {"STR": 8, "CRR": 10, "CRB": 16, "REC": 90, "MP": -2}, {"STR": 5, "CRR": 10, "CRB": 0, "REC": 1, "MP": 0}, {"STR": 7, "CRR": 40, "CRB": 0, "REC": 1, "MP": 0}, {"STR": 10, "CRR": 20, "CRB": 0, "REC": 30, "MP": 1}, {"STR": 6, "CRR": 20, "CRB": 0, "REC": 60, "MP": 0}, {"STR": 13, "CRR": 40, "CRB": 0, "REC": 60, "MP": 0}]