{"goal": "Goal(Final Ansem)", "end_of_the_world_unlock": "EndoftheWorldUnlock(Lucky Emblems)", "final_rest_door": "FinalRestDoor(Lucky Emblems)", "required_lucky_emblems_eotw": 7, "required_lucky_emblems_door": 10, "lucky_emblems_in_pool": 13, "required_postcards": 8, "required_puppies": 80, "super_bosses": "SuperBosses(Yes)", "atlantica": "Atlantica(Yes)", "hundred_acre_wood": "HundredAcreWood(Yes)", "cups": "Cups(Yes)", "puppies": "Puppies(Triplets)", "starting_worlds": 0, "keyblades_unlock_chests": "KeybladesUnlockChests(No)", "interact_in_battle": "InteractInBattle(No)", "exp_multiplier": 16, "advanced_logic": "AdvancedLogic(No)", "extra_shared_abilities": "ExtraSharedAbilities(Yes)", "exp_zero_in_pool": "EXPZeroInPool(No)", "randomize_emblem_pieces": "RandomizeEmblemPieces(Yes)", "randomize_postcards": "RandomizePostcards(All)", "donald_death_link": "DonaldDeathLink(No)", "goofy_death_link": "GoofyDeathLink(No)", "keyblade_stats": "KeybladeStats(Randomize)", "bad_starting_weapons": "BadStartingWeapons(No)", "keyblade_min_str": 3, "keyblade_max_str": 14, "keyblade_min_mp": -2, "keyblade_max_mp": 3, "level_checks": 99, "force_stats_on_levels": 2, "strength_increase": 24, "defense_increase": 24, "hp_increase": 23, "ap_increase": 18, "mp_increase": 7, "accessory_slot_increase": 1, "item_slot_increase": 3, "start_inventory_from_pool": "StartInventoryPool()", "jungle_slider": "JungleSlider(Yes)", "starting_tools": "StartingTools(Yes)", "remote_items": "RemoteItems(No)"}